"DATA","SUSCETIVEIS_CENARIO_3","CUM_RECUPERADOS_CENARIO_3","EXPOSTOS_CENARIO_3","INFECTANTES_CENARIO_3","CUM_OBITOS_CENARIO_3","LEITOS_UTI_CENARIO_3","SUSCETIVEIS_CENARIO_1","CUM_RECUPERADOS_CENARIO_1","EXPOSTOS_CENARIO_1","INFECTANTES_CENARIO_1","CUM_OBITOS_CENARIO_1","LEITOS_UTI_CENARIO_1","SUSCETIVEIS_CENARIO_2","CUM_RECUPERADOS_CENARIO_2","EXPOSTOS_CENARIO_2","INFECTANTES_CENARIO_2","CUM_OBITOS_CENARIO_2","LEITOS_UTI_CENARIO_2"
2020-02-20,7164788,0,0,0,0,0,7164788,0,0,0,0,0,7164788,0,0,0,0,0
2020-02-21,7164782,0,6,0,0,0,7164782,0,6,0,0,0,7164782,0,6,0,0,0
2020-02-22,7164780,0,8,0,0,0,7164780,0,8,0,0,0,7164780,0,8,0,0,0
2020-02-23,7164778,0,10,0,0,0,7164778,0,10,0,0,0,7164778,0,10,0,0,0
2020-02-24,7164778,0,10,0,0,0,7164778,0,10,0,0,0,7164778,0,10,0,0,0
2020-02-25,7164758,0,30,0,0,0,7164758,0,30,0,0,0,7164758,0,30,0,0,0
2020-02-26,7164754,0,34,0,0,0,7164754,0,34,0,0,0,7164754,0,34,0,0,0
2020-02-27,7164774,0,14,0,0,0,7164774,0,14,0,0,0,7164774,0,14,0,0,0
2020-02-28,7164780,0,8,0,0,0,7164780,0,8,0,0,0,7164780,0,8,0,0,0
2020-02-29,7164777,0,11,0,0,0,7164777,0,11,0,0,0,7164777,0,11,0,0,0
2020-03-01,7164700,0,13,75,0,0,7164700,0,13,75,0,0,7164700,0,13,75,0,0
2020-03-02,7164703,0,8,77,0,0,7164703,0,8,77,0,0,7164703,0,8,77,0,0
2020-03-03,7164695,0,12,81,0,0,7164695,0,12,81,0,0,7164695,0,12,81,0,0
2020-03-04,7164665,0,27,96,0,0,7164665,0,27,96,0,0,7164665,0,27,96,0,0
2020-03-05,7164605,2,55,126,0,0,7164605,2,55,126,0,0,7164605,2,55,126,0,0
2020-03-06,7164580,6,58,144,0,0,7164580,6,58,144,0,0,7164580,6,58,144,0,0
2020-03-07,7164586,10,48,144,0,0,7164586,10,48,144,0,0,7164586,10,48,144,0,0
2020-03-08,7164528,16,67,177,0,0,7164528,16,67,177,0,0,7164528,16,67,177,0,0
2020-03-09,7164470,20,84,214,0,0,7164470,20,84,214,0,0,7164470,20,84,214,0,0
2020-03-10,7164315,46,129,298,0,0,7164315,46,129,298,0,0,7164315,46,129,298,0,0
2020-03-11,7164199,54,166,369,0,0,7164199,54,166,369,0,0,7164199,54,166,369,0,0
2020-03-12,7164129,60,157,442,0,0,7164129,60,157,442,0,0,7164129,60,157,442,0,0
2020-03-13,7164043,62,161,522,0,0,7164043,62,161,522,0,0,7164043,62,161,522,0,0
2020-03-14,7164001,71,143,573,0,0,7164001,71,143,573,0,0,7164001,71,143,573,0,0
2020-03-15,7163838,75,190,685,0,1,7163838,75,190,685,0,1,7163838,75,190,685,0,1
2020-03-16,7163867,79,162,680,0,2,7163867,79,162,680,0,2,7163867,79,162,680,0,2
2020-03-17,7163918,87,78,705,0,2,7163918,87,78,705,0,2,7163918,87,78,705,0,2
2020-03-18,7163818,106,116,748,0,4,7163818,106,116,748,0,4,7163818,106,116,748,0,4
2020-03-19,7163748,142,130,768,0,7,7163748,142,130,768,0,7,7163748,142,130,768,0,7
2020-03-20,7163730,164,115,779,0,9,7163730,164,115,779,0,9,7163730,164,115,779,0,9
2020-03-21,7163699,190,130,769,0,8,7163699,190,130,769,0,8,7163699,190,130,769,0,8
2020-03-22,7163700,231,122,735,0,9,7163700,231,122,735,0,9,7163700,231,122,735,0,9
2020-03-23,7163708,274,97,709,0,9,7163708,274,97,709,0,9,7163708,274,97,709,0,9
2020-03-24,7163682,360,86,660,0,11,7163682,360,86,660,0,11,7163682,360,86,660,0,11
2020-03-25,7163572,439,105,671,1,15,7163572,439,105,671,1,15,7163572,439,105,671,1,15
2020-03-26,7163603,516,99,569,1,17,7163603,516,99,569,1,17,7163603,516,99,569,1,17
2020-03-27,7163418,600,130,639,1,20,7163418,600,130,639,1,20,7163418,600,130,639,1,20
2020-03-28,7163331,659,153,644,1,22,7163331,659,153,644,1,22,7163331,659,153,644,1,22
2020-03-29,7163280,790,97,620,1,28,7163280,790,97,620,1,28,7163280,790,97,620,1,28
2020-03-30,7163294,819,79,593,3,37,7163294,819,79,593,3,37,7163294,819,79,593,3,37
2020-03-31,7163274,865,70,575,4,42,7163274,865,70,575,4,42,7163274,865,70,575,4,42
2020-04-01,7163237,933,75,538,5,45,7163237,933,75,538,5,45,7163237,933,75,538,5,45
2020-04-02,7163172,992,82,535,7,45,7163172,992,82,535,7,45,7163172,992,82,535,7,45
2020-04-03,7163096,1045,99,540,8,48,7163096,1045,99,540,8,48,7163096,1045,99,540,8,48
2020-04-04,7163016,1116,97,546,13,54,7163016,1116,97,546,13,54,7163016,1116,97,546,13,54
2020-04-05,7162908,1161,135,570,14,59,7162908,1161,135,570,14,59,7162908,1161,135,570,14,59
2020-04-06,7162835,1211,140,587,15,62,7162835,1211,140,587,15,62,7162835,1211,140,587,15,62
2020-04-07,7162927,1244,80,520,17,63,7162927,1244,80,520,17,63,7162927,1244,80,520,17,63
2020-04-08,7162807,1312,108,542,19,63,7162807,1312,108,542,19,63,7162807,1312,108,542,19,63
2020-04-09,7162727,1340,139,562,20,62,7162727,1340,139,562,20,62,7162727,1340,139,562,20,62
2020-04-10,7162540,1440,162,625,21,59,7162540,1440,162,625,21,59,7162540,1440,162,625,21,59
2020-04-11,7162475,1487,154,646,26,59,7162475,1487,154,646,26,59,7162475,1487,154,646,26,59
2020-04-12,7162380,1531,150,700,27,55,7162380,1531,150,700,27,55,7162380,1531,150,700,27,55
2020-04-13,7162280,1565,176,740,27,59,7162280,1565,176,740,27,59,7162280,1565,176,740,27,59
2020-04-14,7162269,1597,145,746,31,61,7162269,1597,145,746,31,61,7162269,1597,145,746,31,61
2020-04-15,7161976,1636,251,894,31,62,7161976,1636,251,894,31,62,7161976,1636,251,894,31,62
2020-04-16,7161855,1678,306,917,32,60,7161855,1678,306,917,32,60,7161855,1678,306,917,32,60
2020-04-17,7161786,1732,241,995,34,63,7161786,1732,241,995,34,63,7161786,1732,241,995,34,63
2020-04-18,7161638,1771,253,1090,36,61,7161638,1771,253,1090,36,61,7161638,1771,253,1090,36,61
2020-04-19,7161468,1865,266,1153,36,62,7161468,1865,266,1153,36,62,7161468,1865,266,1153,36,62
2020-04-20,7161342,1911,274,1225,36,63,7161342,1911,274,1225,36,63,7161342,1911,274,1225,36,63
2020-04-21,7161320,1940,248,1239,41,62,7161320,1940,248,1239,41,62,7161320,1940,248,1239,41,62
2020-04-22,7161110,2012,276,1347,43,64,7161110,2012,276,1347,43,64,7161110,2012,276,1347,43,64
2020-04-23,7160821,2075,379,1468,45,64,7160821,2075,379,1468,45,64,7160821,2075,379,1468,45,64
2020-04-24,7160742,2171,329,1500,46,66,7160742,2171,329,1500,46,66,7160742,2171,329,1500,46,66
2020-04-25,7160635,2228,278,1601,46,68,7160635,2228,278,1601,46,68,7160635,2228,278,1601,46,68
2020-04-26,7160360,2321,406,1655,46,70,7160360,2321,406,1655,46,70,7160360,2321,406,1655,46,70
2020-04-27,7160231,2404,406,1701,46,74,7160231,2404,406,1701,46,74,7160231,2404,406,1701,46,74
2020-04-28,7160254,2465,304,1718,47,79,7160254,2465,304,1718,47,79,7160254,2465,304,1718,47,79
2020-04-29,7159969,2651,335,1783,50,80,7159969,2651,335,1783,50,80,7159969,2651,335,1783,50,80
2020-04-30,7159666,2764,426,1878,54,80,7159666,2764,426,1878,54,80,7159666,2764,426,1878,54,80
2020-05-01,7159511,2887,413,1922,55,80,7159511,2887,413,1922,55,80,7159511,2887,413,1922,55,80
2020-05-02,7159347,3014,370,2000,57,80,7159347,3014,370,2000,57,80,7159347,3014,370,2000,57,80
2020-05-03,7159112,3149,411,2057,59,83,7159112,3149,411,2057,59,83,7159112,3149,411,2057,59,83
2020-05-04,7159048,3282,387,2008,63,86,7159048,3282,387,2008,63,86,7159048,3282,387,2008,63,86
2020-05-05,7158704,3390,450,2178,66,85,7158704,3390,450,2178,66,85,7158704,3390,450,2178,66,85
2020-05-06,7158235,3553,601,2331,68,82,7158235,3553,601,2331,68,82,7158235,3553,601,2331,68,82
2020-05-07,7157823,3765,679,2451,70,80,7157823,3765,679,2451,70,80,7157823,3765,679,2451,70,80
2020-05-08,7157557,3879,678,2603,71,81,7157557,3879,678,2603,71,81,7157557,3879,678,2603,71,81
2020-05-09,7157416,4040,556,2703,73,83,7157416,4040,556,2703,73,83,7157416,4040,556,2703,73,83
2020-05-10,7156960,4277,602,2870,79,86,7156960,4277,602,2870,79,86,7156960,4277,602,2870,79,86
2020-05-11,7156872,4437,560,2837,82,92,7156872,4437,560,2837,82,92,7156872,4437,560,2837,82,92
2020-05-12,7156785,4577,443,2900,83,89,7156785,4577,443,2900,83,89,7156785,4577,443,2900,83,89
2020-05-13,7156125,4768,671,3138,86,91,7156125,4768,671,3138,86,91,7156125,4768,671,3138,86,91
2020-05-14,7155617,4999,798,3287,87,95,7155617,4999,798,3287,87,95,7155617,4999,798,3287,87,95
2020-05-15,7155126,5178,822,3573,89,98,7155126,5178,822,3573,89,98,7155126,5178,822,3573,89,98
2020-05-16,7154841,5365,827,3664,91,97,7154841,5365,827,3664,91,97,7154841,5365,827,3664,91,97
2020-05-17,7154296,5585,921,3893,93,94,7154296,5585,921,3893,93,94,7154296,5585,921,3893,93,94
2020-05-18,7154172,5748,894,3879,95,97,7154172,5748,894,3879,95,97,7154172,5748,894,3879,95,97
2020-05-19,7154223,6029,611,3826,99,99,7154223,6029,611,3826,99,99,7154223,6029,611,3826,99,99
2020-05-20,7153125,6341,948,4271,103,103,7153125,6341,948,4271,103,103,7153125,6341,948,4271,103,103
2020-05-21,7152603,6701,1077,4301,106,104,7152603,6701,1077,4301,106,104,7152603,6701,1077,4301,106,104
2020-05-22,7152343,7013,806,4517,109,109,7152343,7013,806,4517,109,109,7152343,7013,806,4517,109,109
2020-05-23,7151797,7253,885,4743,110,113,7151797,7253,885,4743,110,113,7151797,7253,885,4743,110,113
2020-05-24,7151098,7606,1060,4906,118,119,7151098,7606,1060,4906,118,119,7151098,7606,1060,4906,118,119
2020-05-25,7151158,7800,881,4826,123,121,7151158,7800,881,4826,123,121,7151158,7800,881,4826,123,121
2020-05-26,7151409,8034,564,4648,133,125,7151409,8034,564,4648,133,125,7151409,8034,564,4648,133,125
2020-05-27,7150241,8457,977,4976,137,127,7150241,8457,977,4976,137,127,7150241,8457,977,4976,137,127
2020-05-28,7149436,8824,1330,5057,141,130,7149436,8824,1330,5057,141,130,7149436,8824,1330,5057,141,130
2020-05-29,7149022,9271,1134,5216,145,131,7149022,9271,1134,5216,145,131,7149022,9271,1134,5216,145,131
2020-05-30,7148452,9645,1049,5495,147,135,7148452,9645,1049,5495,147,135,7148452,9645,1049,5495,147,135
2020-05-31,7147927,10186,1128,5396,151,135,7147927,10186,1128,5396,151,135,7147927,10186,1128,5396,151,135
2020-06-01,7147554,10530,1065,5483,156,142,7147554,10530,1065,5483,156,142,7147554,10530,1065,5483,156,142
2020-06-02,7147650,10789,800,5390,159,144,7147650,10789,800,5390,159,144,7147650,10789,800,5390,159,144
2020-06-03,7146668,11470,944,5542,164,150,7146668,11470,944,5542,164,150,7146668,11470,944,5542,164,150
2020-06-04,7145935,11858,1249,5579,167,147,7145935,11858,1249,5579,167,147,7145935,11858,1249,5579,167,147
2020-06-05,7144567,12266,1560,6221,174,156,7144567,12266,1560,6221,174,156,7144567,12266,1560,6221,174,156
2020-06-06,7143927,12729,1468,6483,181,158,7143927,12729,1468,6483,181,158,7143927,12729,1468,6483,181,158
2020-06-07,7143536,13315,1254,6498,185,167,7143536,13315,1254,6498,185,167,7143536,13315,1254,6498,185,167
2020-06-08,7143314,13605,1265,6418,186,179,7143314,13605,1265,6418,186,179,7143314,13605,1265,6418,186,179
2020-06-09,7143000,13870,1180,6544,194,193,7143000,13870,1180,6544,194,193,7143000,13870,1180,6544,194,193
2020-06-10,7141107,14571,1772,7141,197,201,7141107,14571,1772,7141,197,201,7141107,14571,1772,7141,197,201
2020-06-11,7139812,15191,2083,7499,203,205,7139812,15191,2083,7499,203,205,7139812,15191,2083,7499,203,205
2020-06-12,7138966,15693,1922,7998,209,212,7138966,15693,1922,7998,209,212,7138966,15693,1922,7998,209,212
2020-06-13,7136720,16228,2463,9162,215,221,7136720,16228,2463,9162,215,221,7136720,16228,2463,9162,215,221
2020-06-14,7134648,16813,3028,10082,217,225,7134648,16813,3028,10082,217,225,7134648,16813,3028,10082,217,225
2020-06-15,7133315,17283,3026,10939,225,233,7133315,17283,3026,10939,225,233,7133315,17283,3026,10939,225,233
2020-06-16,7133854,17592,2291,10813,238,245,7133854,17592,2291,10813,238,245,7133854,17592,2291,10813,238,245
2020-06-17,7132705,18204,2080,11551,248,258,7132705,18204,2080,11551,248,258,7132705,18204,2080,11551,248,258
2020-06-18,7131486,18822,2332,11891,257,263,7131486,18822,2332,11891,257,263,7131486,18822,2332,11891,257,263
2020-06-19,7130162,19752,2164,12450,260,266,7130162,19752,2164,12450,260,266,7130162,19752,2164,12450,260,266
2020-06-20,7128900,20277,2315,13026,270,290,7128900,20277,2315,13026,270,290,7128900,20277,2315,13026,270,290
2020-06-21,7127930,20987,2457,13135,279,301,7127930,20987,2457,13135,279,301,7127930,20987,2457,13135,279,301
2020-06-22,7127903,21522,2065,13008,290,316,7127903,21522,2065,13008,290,316,7127903,21522,2065,13008,290,316
2020-06-23,7127685,22144,1722,12935,302,332,7127685,22144,1722,12935,302,332,7127685,22144,1722,12935,302,332
2020-06-24,7126227,23269,2216,12761,315,350,7126227,23269,2216,12761,315,350,7126227,23269,2216,12761,315,350
2020-06-25,7125040,24207,2656,12563,322,353,7125040,24207,2656,12563,322,353,7125040,24207,2656,12563,322,353
2020-06-26,7122883,25180,3332,13067,326,360,7122883,25180,3332,13067,326,360,7122883,25180,3332,13067,326,360
2020-06-27,7120602,26653,3461,13733,339,375,7120602,26653,3461,13733,339,375,7120602,26653,3461,13733,339,375
2020-06-28,7118925,28178,3171,14158,356,383,7118925,28178,3171,14158,356,383,7118925,28178,3171,14158,356,383
2020-06-29,7117169,29645,3100,14501,373,388,7117169,29645,3100,14501,373,388,7117169,29645,3100,14501,373,388
2020-06-30,7116293,30441,2838,14832,384,395,7116293,30441,2838,14832,384,395,7116293,30441,2838,14832,384,395
2020-07-01,7113480,31704,3512,15698,394,421,7113480,31704,3512,15698,394,421,7113480,31704,3512,15698,394,421
2020-07-02,7111408,32750,3924,16299,407,432,7111408,32750,3924,16299,407,432,7111408,32750,3924,16299,407,432
2020-07-03,7109523,33835,3685,17318,427,457,7109523,33835,3685,17318,427,457,7109523,33835,3685,17318,427,457
2020-07-04,7107223,35034,3758,18335,438,468,7107223,35034,3758,18335,438,468,7107223,35034,3758,18335,438,468
2020-07-05,7102769,36270,5099,20201,449,496,7102769,36270,5099,20201,449,496,7102769,36270,5099,20201,449,496
2020-07-06,7101830,37072,4871,20550,465,510,7101830,37072,4871,20550,465,510,7101830,37072,4871,20550,465,510
2020-07-07,7102620,37959,3429,20298,482,524,7102620,37959,3429,20298,482,524,7102620,37959,3429,20298,482,524
2020-07-08,7099064,39257,4441,21530,496,544,7099064,39257,4441,21530,496,544,7099064,39257,4441,21530,496,544
2020-07-09,7096642,40583,4961,22088,514,570,7096642,40583,4961,22088,514,570,7096642,40583,4961,22088,514,570
2020-07-10,7093611,42554,4831,23261,531,586,7093611,42554,4831,23261,531,586,7093611,42554,4831,23261,531,586
2020-07-11,7091054.42868003,44000,4962.78565998483,24212.7856599848,558,600,7091054.42868003,44000,4962.78565998483,24212.7856599848,558,600,7091054.42868003,44000,4962.78565998483,24212.7856599848,558,600
2020-07-12,7089197.79364286,45681,4792.60317856966,24541.6031785697,575,622,7089197.79364286,45681,4792.60317856966,24541.6031785697,575,622,7089197.79364286,45681,4792.60317856966,24541.6031785697,575,622
2020-07-13,7087187.88054848,47055,4826.66689576966,25115.4525557545,603,636,7087187.88054848,47055,4826.66689576966,25115.4525557545,603,636,7087187.88054848,47055,4826.66689576966,25115.4525557545,603,636
2020-07-14,7085115.93559549,48467,4860.73061296966,25717.3337915393,627,648,7085115.93559549,48467,4860.73061296966,25717.3337915393,627,648,7085115.93559549,48467,4860.73061296966,25717.3337915393,627,648
2020-07-15,7082470.95878391,50507,4894.79433016965,26252.2468859241,663,668,7082470.95878391,50507,4894.79433016965,26252.2468859241,663,668,7082470.95878391,50507,4894.79433016965,26252.2468859241,663,668
2020-07-16,7081293.95011372,52326,4928.85804736965,25547.191838909,692,690,7081293.95011372,52326,4928.85804736965,25547.191838909,692,690,7081293.95011372,52326,4928.85804736965,25547.191838909,692,690
2020-07-17,7078625.90958494,54137,4962.92176456964,26344.1686504938,718,711,7078625.90958494,54137,4962.92176456964,26344.1686504938,718,711,7078625.90958494,54137,4962.92176456964,26344.1686504938,718,711
2020-07-18,7075899.83719755,56026,4996.98548176964,27115.1773206786,750,732,7075899.83719755,56026,4996.98548176964,27115.1773206786,750,732,7075899.83719755,56026,4996.98548176964,27115.1773206786,750,732
2020-07-19,7072868.73295157,59174,5031.04919896964,26934.2178494634,780,746,7072868.73295157,59174,5031.04919896964,26934.2178494634,780,746,7072868.73295157,59174,5031.04919896964,26934.2178494634,780,746
2020-07-20,7070856.59684698,60834,5065.11291616963,27219.2902368482,813,761,7070856.59684698,60834,5065.11291616963,27219.2902368482,813,761,7070856.59684698,60834,5065.11291616963,27219.2902368482,813,761
2020-07-21,7069103.4288838,62533,5099.17663336963,27202.394482833,850,782,7069103.4288838,62533,5099.17663336963,27202.394482833,850,782,7069103.4288838,62533,5099.17663336963,27202.394482833,850,782
2020-07-22,7066177.014722,65197,5133.24035056962,27389.744927433,891,798,7066177.014722,65197,5133.24035056962,27389.744927433,891,798,7066177.014722,65197,5133.24035056962,27389.744927433,891,798
2020-07-23,7063699.6005602,67415,5167.30406776962,27577.095372033,929,810,7063699.6005602,67415,5167.30406776962,27577.095372033,929,810,7063699.6005602,67415,5167.30406776962,27577.095372033,929,810
2020-07-24,7060903.1863984,69944,5201.36778496962,27764.445816633,975,819,7060903.1863984,69944,5201.36778496962,27764.445816633,975,819,7060903.1863984,69944,5201.36778496962,27764.445816633,975,819
2020-07-25,7058293.98657661,72292.7856599848,5235.43150216961,27951.796261233,1014,828,7058293.98657661,72292.7856599848,5235.43150216961,27951.796261233,1014,828,7058293.98657661,72292.7856599848,5235.43150216961,27951.796261233,1014,828
2020-07-26,7055667.75489623,74652.6031785697,5269.49521936961,28139.1467058329,1059,841,7055667.75489623,74652.6031785697,5269.49521936961,28139.1467058329,1059,841,7055667.75489623,74652.6031785697,5269.49521936961,28139.1467058329,1059,841
2020-07-27,7053024.49135724,77038.4525557545,5303.55893656961,28326.4971504329,1095,869,7053024.49135724,77038.4525557545,5303.55893656961,28326.4971504329,1095,869,7053024.49135724,77038.4525557545,5303.55893656961,28326.4971504329,1095,869
2020-07-28,7050364.19595966,79444.3337915393,5337.6226537696,28513.8475950329,1128,892,7050364.19595966,79444.3337915393,5337.6226537696,28513.8475950329,1128,892,7050364.19595966,79444.3337915393,5337.6226537696,28513.8475950329,1128,892
2020-07-29,7047686.86870347,81862.2468859241,5371.6863709696,28701.1980396329,1166,907,7047686.86870347,81862.2468859241,5371.6863709696,28701.1980396329,1166,907,7047686.86870347,81862.2468859241,5371.6863709696,28701.1980396329,1166,907
2020-07-30,7044992.50958869,84293.191838909,5405.75008816959,28888.5484842329,1208,922,7044992.50958869,84293.191838909,5405.75008816959,28888.5484842329,1208,922,7044992.50958869,84293.191838909,5405.75008816959,28888.5484842329,1208,922
2020-07-31,7042281.1186153,86737.1686504938,5439.81380536959,29075.8989288328,1254,928,7042281.1186153,86737.1686504938,5439.81380536959,29075.8989288328,1254,928,7042281.1186153,86737.1686504938,5439.81380536959,29075.8989288328,1254,928
2020-08-01,7039552.69578332,89190.1773206786,5473.87752256959,29263.2493734328,1308,941,7039552.69578332,89190.1773206786,5473.87752256959,29263.2493734328,1308,941,7039552.69578332,89190.1773206786,5473.87752256959,29263.2493734328,1308,941
2020-08-02,7036807.24109273,91685.2178494634,5507.94123976958,29450.5998180328,1337,949,7036807.24109273,91685.2178494634,5507.94123976958,29450.5998180328,1337,949,7036807.24109273,91685.2178494634,5507.94123976958,29450.5998180328,1337,949
2020-08-03,7034044.75454355,94189.2902368482,5542.00495696958,29637.9502626328,1374,961,7034044.75454355,94189.2902368482,5542.00495696958,29637.9502626328,1374,961,7034044.75454355,94189.2902368482,5542.00495696958,29637.9502626328,1374,961
2020-08-04,7031265.23613576,96702.394482833,5576.06867416958,29825.3007072328,1419,969,7031265.23613576,96702.394482833,5576.06867416958,29825.3007072328,1419,969,7031265.23613576,96702.394482833,5576.06867416958,29825.3007072328,1419,969
2020-08-05,7028468.68586938,99238.5305874179,5610.13239136957,30012.6511518327,1458,973,7028468.68586938,99238.5305874179,5610.13239136957,30012.6511518327,1458,973,7028468.68586938,99238.5305874179,5610.13239136957,30012.6511518327,1458,973
2020-08-06,7025655.1037444,101796.698550603,5644.19610856957,30200.0015964327,1492,970,7025655.1037444,101796.698550603,5644.19610856957,30200.0015964327,1492,970,7025655.1037444,101796.698550603,5644.19610856957,30200.0015964327,1492,970
2020-08-07,7022824.48976081,104387.898372387,5678.25982576956,30387.3520410327,1510,968,7022824.48976081,104387.898372387,5678.25982576956,30387.3520410327,1510,968,7022824.48976081,104387.898372387,5678.25982576956,30387.3520410327,1510,968
2020-08-08,7019976.84391863,106991.130052772,5712.32354296956,30574.7024856327,1533,968,7019976.84391863,106991.130052772,5712.32354296956,30574.7024856327,1533,968,7019976.84391863,106991.130052772,5712.32354296956,30574.7024856327,1533,968
2020-08-09,7017112.16621784,109626.393591757,5746.38726016956,30762.0529302327,1541,968,7017112.16621784,109626.393591757,5746.38726016956,30762.0529302327,1541,968,7017112.16621784,109626.393591757,5746.38726016956,30762.0529302327,1541,968
2020-08-10,7014230.45665846,112286.688989342,5780.45097736955,30949.4033748326,1541,968,7014230.45665846,112286.688989342,5780.45097736955,30949.4033748326,1541,968,7014230.45665846,112286.688989342,5780.45097736955,30949.4033748326,1541,968
2020-08-16,7011554.46763699,114843.290623937,5612.60661608483,31163.8720886853,1595.61121611855,986.1518181822,7011690.0816142,114842.510670848,5505.86821825013,31135.8076666942,1595.61070219031,986.121127818202,7011622.71692248,114842.898162629,5558.88862378085,31149.7489583638,1595.61095751645,986.136375228404
2020-08-17,7008864.70308197,117414.404759256,5521.34798137976,31300.9836251979,1651.21111582326,1003.34943637324,7009140.61071934,117408.82629127,5346.05821963233,31206.1658379523,1651.20463884772,1003.13429295433,7009003.60977918,117411.597220283,5433.08702794565,31253.2569579575,1651.20785634291,1003.24115829391
2020-08-18,7006166.22908812,119995.227398238,5472.68446359759,31394.6287424086,1707.74283508333,1019.48747255737,7006589.24759353,119978.439032867,5250.37943483301,31211.3652907065,1707.71383053158,1018.85481753372,7006379.31047479,119986.776253776,5360.66707892276,31302.348960757,1707.72823643409,1019.16899531692
2020-08-19,7003461.90051941,122583.036753146,5447.68210672253,31463.6847524697,1765.14638398617,1034.54948426467,7004040.03761397,122547.283430168,5190.5191675976,31179.8616314396,1765.0641921113,1033.23396471317,7003753.2942572,122565.033696177,5317.97883718399,31320.7011432453,1765.10500670607,1033.88705948484
2020-08-20,7000753.34100345,125176.272029953,5435.79365590648,31518.6659245377,1823.36229455422,1048.56509159941,7001495.2606265,125113.046685277,5150.64821464379,31127.5687974511,1823.18114488892,1046.29453124277,7001127.5299237,125144.425164839,5291.82407367555,31321.5284043991,1823.27107810324,1047.4213552829
2020-08-21,6998041.4886308,127774.020171656,5431.14345691331,31565.4278950341,1882.33346633019,1061.58637926478,6998956.20935171,127674.39770485,5121.91674663537,31063.3884772973,1881.99251487248,1058.09520463079,6998503.14567585,127723.820912476,5274.83722943167,31312.2073670255,1882.16173672447,1059.82707849667
2020-08-22,6995326.89982611,130375.729854076,5430.45812688135,31607.2311555502,1942.00602336836,1073.67501401607,6996423.62445408,130230.555919521,5099.37711803056,30992.3016027898,1941.42993340284,1068.7109721734,6995880.80059092,130302.54712237,5262.90780643942,31296.8563330418,1941.71577319682,1071.1723740359
2020-08-23,6992609.91855998,132981.052078501,5431.91389705167,31645.890520407,2002.32963459627,1084.89530946622,6993897.93771697,132781.050087136,5080.26345870869,30917.0968417551,2001.42941849286,1078.22247693228,6993260.89186406,132880.185618817,5253.74192183197,31277.7751151802,2001.87593396386,1081.52954614864
2020-08-24,6989890.77057598,135589.751293037,5434.4945424462,31682.4154563019,2063.25754815658,1095.31058407415,6991379.40796474,135325.58332851,5063.02979653744,30839.3370448931,2061.93151467106,1086.71035064863,6990643.67042926,135456.461995537,5246.05955598807,31256.2486052177,2062.58900885896,1090.97040513688
2020-08-25,6987169.61586136,138201.655809983,5437.6337164735,31717.366798443,2124.74647827198,1104.9813354639,6988868.19703788,137863.957569511,5046.81225953612,30759.8996258388,2122.88120119869,1094.25230603634,6988029.30546504,138031.183097888,5239.14654973681,31232.99525622,2123.80572920156,1099.56390191686
2020-08-26,6984446.57786459,140816.630120454,5441.01570785354,31751.0554763854,2186.75642083732,1113.9644098815,6986364.41226138,140396.031207533,5031.12837853664,30679.2787172982,2184.22768475297,1100.92175050033,6985417.92038228,140604.202057103,5232.60457457501,31208.4173930841,2185.48057254895,1107.37502041393
2020-08-27,6981721.75976344,143434.559413431,5444.46444609178,31783.6532270351,2249.25043929646,1122.312710701,6983868.1301842,142921.695362631,5015.70895478449,30597.7541271824,2245.92414034024,1106.78723086551,6982809.61290131,143175.398708353,5226.2115876032,31182.7409214886,2247.57152673672,1114.46435450585
2020-08-28,6978995.25352147,146055.340899079,5447.88166683257,31815.2542763198,2312.19444313387,1130.07519316034,6981379.4098499,145440.860527045,5000.40404765316,30515.4858156715,2307.9274350376,1111.91232469407,6980204.46625172,145744.668600906,5219.84394738659,31156.0933073459,2310.03984164806,1120.88805099099
2020-08-29,6976267.14492804,148678.878927516,5451.21246305542,31845.9097050772,2375.55697066756,1137.29700563953,6978898.30021541,147953.449035152,4985.13040569086,30432.5667260766,2370.19785294135,1116.35576472563,6977602.55541903,148311.916809195,5213.43294336654,31128.547102556,2372.8497837257,1126.69794212325
2020-08-30,6973537.51640157,151305.082226369,5454.42609272146,31875.6465966548,2439.30898196194,1144.01970072166,6976424.84429862,150459.390793498,4969.84207078449,30349.0523279421,2432.69883070953,1120.17167844118,6975003.95062781,150877.054428363,5206.94053231762,31100.1442402598,2435.96840081786,1131.94177043574
2020-08-31,6970806.44854689,153933.862322698,5457.50528591201,31904.4787057887,2503.42366446709,1150.28147424764,6973959.08149737,152958.620838774,4954.51393994967,30264.9771377488,2495.39670813228,1123.40987802093,6972408.71928267,153439.996572578,5200.34579501441,31070.9095962011,2499.36530087121,1136.66345266883
2020-09-01,6968074.02101871,156565.132628313,5460.44028723474,31932.4124035056,2567.87625225387,1156.11740997731,6971501.04888629,155451.077922456,4939.13257277489,30180.3639573701,2558.26049546021,1126.11616564925,6969816.92704893,156000.66121615,5193.63737643019,31040.8585585898,2563.01244576712,1140.9033541369
2020-09-02,6965340.31299863,159198.807897985,5463.22553643219,31959.4499899554,2632.64385879398,1161.55971820557,6969050.7819422,157936.703673676,4923.69105059987,30095.2290401275,2621.26165777098,1128.33263562378,6967228.63845311,158558.968508745,5186.80926575932,31010.0012535052,2626.88396041488,1144.69855847005
2020-09-03,6962605.40345671,161834.803898379,5465.8578188761,31985.5915406767,2697.70532276564,1166.63796259581,6966608.31495017,160415.442089195,4908.186101462,30009.5849794088,2684.37391590022,1130.09796386825,6964643.9172156,161114.840358575,5179.85844067611,30978.3449033667,2690.95595660543,1148.08312518185
2020-09-04,6959869.37129328,164473.037197131,5468.33523503712,32010.8359356798,2763.041066145,1171.37927272592,6964173.68123096,162887.239209725,4892.61649211461,29923.4423236291,2747.57306309254,1131.4476804807,6962062.82643386,163668.200168239,5172.78355220838,30945.895143221,2755.20637083504,1151.08833163826
2020-09-05,6957132.29541383,167113.42502138,5470.65662627439,32035.1814331694,2828.63296375723,1175.80854158651,6961746.9132688,165352.042903611,4876.98212864068,29836.810478883,2810.8367963695,1132.4144236906,6959485.42868229,166218.972658559,5165.58419049609,30912.6567552311,2819.61481518576,1153.74289824002
2020-09-06,6954394.25476668,169755.885157276,5472.82125488558,32058.6259895145,2894.46422344762,1179.94860819046,6959328.04278338,167809.80271342,4861.28355335088,29749.6982132215,2874.14456156577,1133.02817506397,6956911.78606557,168767.083744113,5158.26047481625,30878.6340783625,2884.16244032059,1156.07319682022
2020-09-07,6951655.32835994,172400.335874445,5474.82862583334,32081.1674378053,2960.51927605642,1183.82042591768,6956917.10077067,170260.469740345,4845.52166331113,29662.1139381241,2937.47741099955,1133.31647655375,6954341.96024613,171312.460439966,5150.81282462673,30843.8312367371,2948.83180967007,1158.10344286768
2020-09-08,6948915.59526685,175046.695866281,5476.6783874166,32102.8035875933,3026.78367442294,1187.44321743356,6954514.1175265,172703.996552167,4829.69755282429,29574.0658653603,3000.81787278855,1133.30463036054,6951776.01245722,173855.030787968,5143.24183166478,30808.2522667425,3013.6067839308,1159.85587247685
2020-09-09,6946175.13462474,177694.88420084,5478.37027593177,32123.5322806987,3093.24400069401,1190.83461709889,6952119.1226604,175140.3371066,4813.81242523968,29485.5620941577,3064.14983088128,1133.01588272188,6949214.00350789,176394.723795946,5135.54818846102,30771.9011876125,3078.47241505018,1161.35090504085
2020-09-10,6943434.02563031,180344.82027926,5479.90408484603,32143.3514225232,3159.88778126357,1194.01080179639,6949732.14510408,177569.446685261,4797.86754353954,29396.6106593945,3127.45841493817,1132.47159278717,6946655.99378366,178931.469385899,5127.73264834891,30734.7820404394,3143.41484892965,1162.60729272626
2020-09-11,6940692.347533,182996.423799879,5481.27964762867,32162.2589996998,3226.70340872124,1196.98661106859,6947353.21311697,179991.28183544,4781.86420261532,29307.2195579959,3190.72989926048,1131.69138771253,6944102.04324464,181465.198348867,5119.7960030576,30696.8989095552,3208.42123613631,1163.64225774256
2020-09-12,6937950.17962714,185649.614726895,5482.49682819201,32180.2530901179,3293.68007023641,1199.77565741416,6944982.35429018,182405.800317915,4765.80371367709,29217.3967631438,3253.9516100276,1130.69330505775,6941552.21142244,183995.842305042,5111.73907012129,30658.2559340647,3273.47964996766,1164.47161836827
2020-09-13,6935207.60124353,188304.313262822,5483.5555155712,32197.3318686874,3360.80768185018,1202.39042753419,6942619.59554949,184812.96105972,4749.68739545076,29127.150231676,3317.11184016166,1129.4939235009,6939006.55741627,186523.333668186,5103.56268576885,30618.8573138719,3338.57901126688,1165.10990463563
2020-09-14,6932464.69174066,190960.439824209,5484.45562096447,32213.4936107161,3428.07682819009,1204.8423752629,6940264.96315805,187212.724111086,4733.51656917347,29036.4879076807,3380.19977119336,1128.10848281571,6936465.13988882,189047.605613734,5095.26770087282,30578.7073126285,3403.70901943409,1165.57046451137
2020-09-15,6929721.5304957,193617.915020246,5485.19707608692,32228.7366939465,3495.47870716229,1207.14200686119,6937918.48271874,189605.050606032,4717.29255571456,28945.4177239693,3443.20540155356,1126.55099398598,6933928.01706187,191568.592050093,5086.85497860607,30537.8102589585,3468.86008912463,1165.86556134832
2020-09-16,6926978.19689545,196276.659633951,5485.77983225438,32243.0595998334,3563.00507921177,1209.29895929822,6935580.17917654,191989.902726184,4701.01667388704,28853.9476023673,3506.11948076241,1124.83434026336,6931395.24671194,194086.227592808,5078.32539305152,30496.1705467145,3534.02329216649,1166.00646332174
2020-09-17,6924234.77032718,198936.594605689,5486.20385987221,32256.4609143873,3630.64822077531,1211.32207209594,6933250.0768208,194367.243667483,4684.69023942609,28762.0854533511,3568.93344903076,1122.97036991097,6928866.88616591,196600.447541287,5069.67982834353,30453.7926346889,3599.19030426777,1166.00352550763
2020-09-18,6921491.33016943,201597.64101881,5486.46914814779,32268.939328764,3698.40088158217,1213.21945326525,6930928.19928767,196737.037609524,4668.31456434196,28669.8391753244,3631.63938182854,1120.96998131514,6926342.99229671,199111.187857846,5060.91917810577,30410.6810460172,3664.35335611983,1165.86626520698
2020-09-19,6918747.95578284,204259.720087225,5486.57570492561,32280.4936397019,3766.25624548617,1214.99853981912,6928614.56956246,199099.249687254,4651.89095648364,28577.2166536996,3694.22993901148,1118.84320109238,6923823.62151908,201618.38514886,5052.04434505416,30366.8403674037,3729.50518853458,1165.60343107091
2020-09-20,6916004.72650096,206922.753144744,5486.52355658876,32291.1227498626,3834.20789453872,1216.66615330857,6926309.20998216,201453.845964848,4635.42071922155,28484.225759876,3756.69831813073,1116.59925576748,6921308.82978541,204121.976647836,5043.05624069164,30322.2752482445,3794.63901128381,1165.22306653622
2020-09-21,6913261.72162103,209586.661636044,5486.31274799538,32300.8256681054,3902.24977603617,1218.22855079063,6924012.14223795,203800.793411548,4618.90515119827,28390.8743501674,3819.03821158136,1114.24663755125,6918798.67258166,206621.900200223,5033.9557850539,30276.9903996887,3859.74846533579,1164.73256803931
2020-09-22,6910519.02039484,212251.367109108,5485.94334243262,32309.601509715,3970.37617229683,1219.69147160388,6921723.38737789,206140.059879308,4602.34554611835,28297.1702647071,3881.24376727358,1111.79316470338,6916293.20492338,209118.094249826,5024.74390648316,30230.9905936622,3924.82758820953,1164.13873843773
2020-09-23,6907776.70201956,214916.791209037,5485.41542157831,32317.4494965895,4038.58167294327,1221.06018029657,6919442.96580955,208471.61408208,4585.74319256145,28203.121326348,3943.30955253664,1109.24603692571,6913792.48135182,211610.497826671,5015.42154141732,30184.2806618656,3989.87078219011,1163.44783603368
2020-09-24,6905034.84562853,217582.855673098,5484.72908546497,32324.3689573972,4106.86114948353,1222.33950602342,6917170.89730284,210795.425576603,4569.09937380971,28108.735339565,4005.23052098934,1106.61188619493,6911296.55593014,214099.050536186,5005.98963418742,30136.865494755,4054.87278516937,1162.66561956115
2020-09-25,6902293.53028223,220249.48232692,5483.88445244316,32330.3593277012,4175.20973200251,1223.5338787018,6914907.20099285,213111.464744557,4552.41536768436,28014.020089367,4067.00198213294,1103.89682340973,6908805.4822397,216583.692549605,4996.44913681955,30088.7500405093,4119.8286438959,1161.79738946869
2020-09-26,6899552.83495908,222916.593081738,5482.88165914241,32335.4201500581,4243.62278778964,1224.64736219361,6912651.89538277,215419.702775979,4535.69244638883,27918.9833402202,4128.6195734421,1101.10648119695,6906319.31337647,219064.364595464,4986.80100883889,30039.9393039876,4184.73368943594,1160.84802580265
2020-09-27,6896812.83854639,225584.109932594,5481.72086042888,32339.5510740872,4312.0959017437,1225.68368475762,6910404.99834691,217720.11165381,4518.93187635665,27823.6328349847,4190.07923474842,1098.24605319263,6903838.10194752,221541.007952096,4977.04621707483,29990.4383456765,4249.58351466301,1159.82202297039
2020-09-28,6894073.61983131,228251.954957416,5480.40222935926,32342.751856514,4380.62485840862,1226.64626699662,6908166.52713373,220012.66413949,4502.13491810349,27727.9762938659,4251.37718472758,1095.3203300882,6901361.90006761,224013.564441049,4967.18573546653,29940.2522806304,4314.37395360936,1158.72352164025
2020-09-29,6891335.25749177,230920.050316904,5478.92595713049,32345.0223611871,4449.20562550595,1227.53824750543,6905936.49836901,222297.333759501,4485.30282608269,27632.0214133801,4312.50989931687,1092.33373270771,6898890.75935586,226481.976421325,4957.2205448685,29889.3862774045,4379.10106252564,1157.55633801375
2020-09-30,6888597.8300875,233588.318255158,5477.29225302545,32346.3625590678,4517.83433884107,1228.36250640897,6903714.92805908,224574.094792777,4468.43684854402,27535.7758653367,4373.47409190423,1089.2903423607,6896424.73093259,228946.186784375,4947.15163285617,29837.8455569808,4443.76110250834,1156.32399068617
2020-10-01,6885861.41605105,236256.681100965,5475.50134435421,32346.7725281944,4586.50728846988,1229.1216869636,6901501.83159402,226842.922258908,4451.53822739561,27439.2472958351,4434.2666951427,1086.19392869467,6893963.86541614,231406.138949778,4936.97999353125,29785.6353916879,4508.3505235656,1155.02972529393
2020-10-02,6883126.09367887,238925.061269719,5473.55347639104,32346.2524536195,4655.22090602254,1229.81821538136,6899297.2237511,229103.791907048,4434.60819806887,27342.4433242783,4494.88484425655,1083.04797525307,6891508.21291988,233861.776861539,4926.70662732707,29732.7611041162,4572.86595000298,1153.67653713084
2020-10-03,6880391.94112237,241593.381265894,5471.4489123072,32344.8026273216,4723.97175308875,1230.45431902286,6897101.11869807,231356.680205498,4417.64798938648,27245.3715424017,4555.32586171604,1079.85570292746,6889057.82304929,236313.044984947,4916.33254081364,29679.2280660263,4637.30416702043,1152.26719190024
2020-10-04,6877659.03637911,244261.563686035,5469.1879330993,32342.4234480903,4792.75651057755,1231.03204309322,6894913.52999674,233601.564331866,4400.65882343323,27148.0395133191,4615.5872431682,1076.62009147735,6886612.74489913,238759.888303941,4905.85874650281,29625.0416972536,4701.66210842049,1150.80424475647
2020-10-05,6874927.45728395,246929.531222213,5466.77083751353,32339.1154213858,4861.57196897114,1231.553265964,6892734.47060641,235838.422163777,4383.64191542988,27050.4547705839,4675.66664451998,1073.34389927646,6884173.02705069,241202.252318934,4895.28626265323,29570.2074646077,4765.93684533626,1149.29005777633
2020-10-06,6872197.28150031,249597.206665919,5464.1979419656,32334.8791591718,4930.41501939936,1232.01971323409,6890563.95288754,238067.232270075,4366.59847360997,26952.6248172677,4735.56187007894,1070.02968143171,6881738.71756922,243640.083045047,4884.61611307545,29514.7308807684,4830.12557589498,1147.72681598964
2020-10-07,6869468.58651139,252264.512912329,5461.46958045651,32329.7153797232,4999.2826454672,1232.43297063331,6888401.98860531,240287.973902464,4349.5296990995,26854.5571250547,4795.27086166414,1066.67980640855,6879309.86400134,246073.327010716,4873.84932693705,29458.6175031768,4894.22561574004,1146.11654208755
2020-10-08,6866741.44961153,254931.372964944,5458.58610448409,32323.624907408,5068.17191577333,1232.7944958637,6886248.5889334,242500.626987561,4332.43678579961,26756.2591333528,4854.79168860748,1063.29647128575,6876886.51337263,248501.931256625,4862.98693856788,29401.872932924,4958.23438934057,1144.46110991724
2020-10-09,6864015.94789755,257597.70994053,5455.54788295055,32316.6086724427,5137.07997706286,1233.10562946593,6884103.76445767,244705.172119311,4315.3209202721,26657.7382484214,4914.12253857187,1059.8817157524,6874468.71218527,250925.843334944,4852.02998726553,29344.5028136362,5022.14942202379,1142.762256863
2020-10-10,6861292.15826019,260263.44707437,5452.35530206581,32308.6677106235,5206.00404796193,1233.36760479097,6881967.52518006,246901.590551732,4298.18328162797,26559.0018425156,4973.26170911895,1056.43743495067,6872056.50641584,253345.011308829,4840.97951710103,29286.5128303569,5085.9683326702,1141.02159520508
2020-10-11,6858570.15737557,262928.507725759,5449.00876524688,32299.8031630305,5274.94141324646,1233.5815571504,6879839.88052235,249089.864191967,4281.02504141873,26460.0572530473,5032.20759996463,1052.9653912593,6869649.94151314,255759.38375215,4829.8365767248,29227.9087084271,5149.68882701712,1139.24062254061
2020-10-12,6855850.02169671,265592.815383752,5445.50869301322,32290.0162757082,5343.88941860086,1233.74853221308,6877720.83933014,251269.975593598,4263.84736353074,26360.9117817629,5090.95870586552,1049.46722510506,6867249.06239616,258168.909749437,4818.602219173,29168.6962123634,5213.3086915202,1137.42073134365
2020-10-13,6853131.82744514,268256.293673121,5441.85552287811,32279.3083993196,5412.84546582636,1233.86949370984,6875610.40987681,253441.90795021,4246.65140408238,26261.572693938,5149.51361008446,1045.94446488222,6864853.91345213,260573.538896004,4807.27750167432,29108.881144734,5276.82578772686,1135.5632177352
2020-10-14,6850415.65060252,270918.8663605,5438.04970923619,32267.680988776,5481.80700846209,1233.9453305033,6873508.59986748,255605.645089172,4229.4383113241,26162.0472175883,5207.87097838707,1042.39853605337,6862464.53853463,262973.221298234,4795.86348545712,29048.469345034,5340.23804711923,1133.6692895281
